Dataset,Model,frac,n_train,fold,rep,test_RMSE,train_RMSE
aemo,kNN,0.1,115,0,0,298.5468578333038,275.4802685025933
aemo,kNN,0.1,115,0,1,325.6651089486375,290.3834217501136
aemo,kNN,0.1,115,0,2,287.6421844360919,320.7502541685395
aemo,kNN,0.1,115,0,3,310.4927079305436,250.19803443025936
aemo,kNN,0.1,115,0,4,278.3788694354382,268.40115983712343
aemo,kNN,0.25,288,0,0,251.08062005962904,227.9412013835293
aemo,kNN,0.25,288,0,1,264.12403764769215,242.79066332388072
aemo,kNN,0.25,288,0,2,257.2298327719029,245.06196551901266
aemo,kNN,0.25,288,0,3,279.766451771508,240.22621610615394
aemo,kNN,0.25,288,0,4,245.98253698410974,236.11389737261575
aemo,kNN,0.5,576,0,0,245.2596677673143,199.98978166450223
aemo,kNN,0.5,576,0,1,266.76439557209375,196.82370263163173
aemo,kNN,0.5,576,0,2,280.1671757012528,194.3975394576294
aemo,kNN,0.5,576,0,3,259.3257832380763,197.5363737067738
aemo,kNN,0.5,576,0,4,268.68429393528015,202.74723266024836
aemo,kNN,0.75,864,0,0,244.71253696202203,176.29010680762937
aemo,kNN,0.75,864,0,1,256.5288200887747,172.81586259033799
aemo,kNN,0.75,864,0,2,256.88902347736246,171.90392584593693
aemo,kNN,0.75,864,0,3,269.2522536980374,173.19579350876168
aemo,kNN,0.75,864,0,4,261.713848312427,174.78094223973136
aemo,kNN,1.0,1152,0,0,259.8487449700307,157.30236366450748
aemo,kNN,1.0,1152,0,1,259.8487449700307,157.30236366450748
aemo,kNN,1.0,1152,0,2,259.8487449700307,157.30236366450748
aemo,kNN,1.0,1152,0,3,259.8487449700307,157.30236366450748
aemo,kNN,1.0,1152,0,4,259.8487449700307,157.30236366450748
aemo,kNN,0.1,115,1,0,436.64730550312447,258.7184881698724
aemo,kNN,0.1,115,1,1,423.7276756429018,236.18998843061107
aemo,kNN,0.1,115,1,2,454.21404620177276,268.0214135851997
aemo,kNN,0.1,115,1,3,436.26110838958084,261.44588540332836
aemo,kNN,0.1,115,1,4,434.1148235914153,251.17883867659282
aemo,kNN,0.25,288,1,0,406.47551590327475,224.08945643369742
aemo,kNN,0.25,288,1,1,394.45725814835333,188.6775073053077
aemo,kNN,0.25,288,1,2,407.8110958936067,217.97344398588905
aemo,kNN,0.25,288,1,3,407.6701453908881,210.2377731573627
aemo,kNN,0.25,288,1,4,392.53877240643027,209.19704645112702
aemo,kNN,0.5,576,1,0,399.3924298886687,185.44922915514124
aemo,kNN,0.5,576,1,1,404.6916286484206,175.86470035414382
aemo,kNN,0.5,576,1,2,395.43811776303534,181.9910811684684
aemo,kNN,0.5,576,1,3,396.0876246836398,192.0524548226959
aemo,kNN,0.5,576,1,4,400.8843821191362,187.0692377151476
aemo,kNN,0.75,864,1,0,389.6300275528305,165.11767326138846
aemo,kNN,0.75,864,1,1,399.69957213354155,164.7125342764574
aemo,kNN,0.75,864,1,2,396.3432822296292,159.52188690186526
aemo,kNN,0.75,864,1,3,390.3998194349395,165.69929082030455
aemo,kNN,0.75,864,1,4,388.5769452504977,168.42765940988332
aemo,kNN,1.0,1152,1,0,396.2359907489721,150.46265813482273
aemo,kNN,1.0,1152,1,1,396.2359907489721,150.46265813482273
aemo,kNN,1.0,1152,1,2,396.2359907489721,150.46265813482273
aemo,kNN,1.0,1152,1,3,396.2359907489721,150.46265813482273
aemo,kNN,1.0,1152,1,4,396.2359907489721,150.46265813482273
aemo,kNN,0.1,115,2,0,354.81269134056254,303.2273368503515
aemo,kNN,0.1,115,2,1,321.5854676813945,229.2776718523899
aemo,kNN,0.1,115,2,2,346.62706085641724,224.38072025686893
aemo,kNN,0.1,115,2,3,376.80534674495203,280.0260359381514
aemo,kNN,0.1,115,2,4,317.96000986516907,254.95152414050247
aemo,kNN,0.25,288,2,0,345.6128643504777,242.5793471176265
aemo,kNN,0.25,288,2,1,301.5262013065319,212.6235954755036
aemo,kNN,0.25,288,2,2,308.58633328623245,223.98685622548874
aemo,kNN,0.25,288,2,3,329.51778128493237,237.23863218629685
aemo,kNN,0.25,288,2,4,316.5555274199318,220.9707515275872
aemo,kNN,0.5,576,2,0,331.87152424654073,194.8665707420259
aemo,kNN,0.5,576,2,1,327.5879577614742,185.86186958350652
aemo,kNN,0.5,576,2,2,330.27974191353644,189.277807610379
aemo,kNN,0.5,576,2,3,311.82061742753467,190.63924572061137
aemo,kNN,0.5,576,2,4,337.71836283572816,187.19157250019893
aemo,kNN,0.75,864,2,0,318.25254775416005,170.4857567473394
aemo,kNN,0.75,864,2,1,326.81287574396714,161.02353981037936
aemo,kNN,0.75,864,2,2,334.10299680591686,162.2721711979057
aemo,kNN,0.75,864,2,3,322.9724321340497,168.01050250773844
aemo,kNN,0.75,864,2,4,314.92711549041184,169.6183432582025
aemo,kNN,1.0,1152,2,0,317.1562979146787,151.34933416086605
aemo,kNN,1.0,1152,2,1,317.1562979146787,151.34933416086605
aemo,kNN,1.0,1152,2,2,317.1562979146787,151.34933416086605
aemo,kNN,1.0,1152,2,3,317.1562979146787,151.34933416086605
aemo,kNN,1.0,1152,2,4,317.1562979146787,151.34933416086605
aemo,kNN,0.1,115,3,0,347.1823097159194,288.35780417101665
aemo,kNN,0.1,115,3,1,326.339334592865,269.46084183888723
aemo,kNN,0.1,115,3,2,361.8582502608737,289.612930795991
aemo,kNN,0.1,115,3,3,345.9231425367691,306.6777234703217
aemo,kNN,0.1,115,3,4,299.4652513623474,299.8250893750933
aemo,kNN,0.25,288,3,0,314.22331142563513,224.58921291870735
aemo,kNN,0.25,288,3,1,333.43561013301775,219.85375187837943
aemo,kNN,0.25,288,3,2,321.87419184828434,225.95240997869556
aemo,kNN,0.25,288,3,3,354.45592367507015,222.90518114909548
aemo,kNN,0.25,288,3,4,313.7846903183464,210.30540116033245
aemo,kNN,0.5,576,3,0,322.49510168976036,192.32176486282404
aemo,kNN,0.5,576,3,1,317.3310474559652,197.8314774621424
aemo,kNN,0.5,576,3,2,311.85284723939833,196.16019953091129
aemo,kNN,0.5,576,3,3,337.10662593872536,190.3717875573238
aemo,kNN,0.5,576,3,4,323.2472086180927,183.3458289521926
aemo,kNN,0.75,864,3,0,316.7618204603597,165.7018262847931
aemo,kNN,0.75,864,3,1,317.753102394484,172.42545853422024
aemo,kNN,0.75,864,3,2,327.8305048374211,168.10232056630798
aemo,kNN,0.75,864,3,3,326.9591620774511,162.21046487448425
aemo,kNN,0.75,864,3,4,321.92736342170843,163.2200837043459
aemo,kNN,1.0,1152,3,0,322.29202954765185,152.0846454402417
aemo,kNN,1.0,1152,3,1,322.29202954765185,152.0846454402417
aemo,kNN,1.0,1152,3,2,322.29202954765185,152.0846454402417
aemo,kNN,1.0,1152,3,3,322.29202954765185,152.0846454402417
aemo,kNN,1.0,1152,3,4,322.29202954765185,152.0846454402417
aemo,kNN,0.1,115,4,0,414.4773221402033,222.216767421441
aemo,kNN,0.1,115,4,1,424.71984857717297,261.2496663299887
aemo,kNN,0.1,115,4,2,412.16866244790765,282.5402464010178
aemo,kNN,0.1,115,4,3,408.4154231389625,268.72153558643276
aemo,kNN,0.1,115,4,4,426.589520839576,255.09346064428695
aemo,kNN,0.25,288,4,0,377.67934604809847,217.29822593688945
aemo,kNN,0.25,288,4,1,366.1800513832337,231.50652810330084
aemo,kNN,0.25,288,4,2,392.27546540071455,207.9554693970964
aemo,kNN,0.25,288,4,3,376.5590434153941,224.5879041477351
aemo,kNN,0.25,288,4,4,364.8505935740646,236.76135263024995
aemo,kNN,0.5,576,4,0,383.3713387658202,195.69173854700313
aemo,kNN,0.5,576,4,1,374.6540053709739,188.6157611884948
aemo,kNN,0.5,576,4,2,378.1670569102401,178.2832419513025
aemo,kNN,0.5,576,4,3,363.3663092866442,186.50193401590673
aemo,kNN,0.5,576,4,4,364.8299656352676,188.76202333469982
aemo,kNN,0.75,864,4,0,372.13961979225627,166.8161938662109
aemo,kNN,0.75,864,4,1,368.0072397627977,165.36765306840343
aemo,kNN,0.75,864,4,2,369.8991934455852,167.56666094147158
aemo,kNN,0.75,864,4,3,371.01982356504357,168.87372844494837
aemo,kNN,0.75,864,4,4,375.3736484814534,171.70508862607412
aemo,kNN,1.0,1152,4,0,366.69020479221365,153.18919806080942
aemo,kNN,1.0,1152,4,1,366.69020479221365,153.18919806080942
aemo,kNN,1.0,1152,4,2,366.69020479221365,153.18919806080942
aemo,kNN,1.0,1152,4,3,366.69020479221365,153.18919806080942
aemo,kNN,1.0,1152,4,4,366.69020479221365,153.18919806080942
aemo,MLP,0.1,115,0,0,686.2030756208842,634.5325472558535
aemo,MLP,0.25,288,0,0,287.1619843787552,308.29864117739464
aemo,MLP,0.5,576,0,0,270.0301878124243,280.9311935405186
aemo,MLP,0.75,864,0,0,265.533406500808,287.3906817039394
aemo,MLP,1.0,1152,0,0,260.5802191084955,298.9387644961315
aemo,MLP,0.1,115,1,0,650.7034277742766,497.0361094012869
aemo,MLP,0.25,288,1,0,420.58556637079244,275.51766153274895
aemo,MLP,0.5,576,1,0,430.85981545558514,255.62314325420286
aemo,MLP,0.75,864,1,0,421.59344789319664,260.70126942962565
aemo,MLP,1.0,1152,1,0,408.70443410823674,256.4242391261287
aemo,MLP,0.1,115,2,0,590.1177546492145,540.5538153904828
aemo,MLP,0.25,288,2,0,312.8981097274366,316.1033324954752
aemo,MLP,0.5,576,2,0,308.0371930453263,309.894891870254
aemo,MLP,0.75,864,2,0,311.34423117989104,302.0831366238496
aemo,MLP,1.0,1152,2,0,296.38690290855686,274.73229445087014
aemo,MLP,0.1,115,3,0,733.605047336715,624.6403084374846
aemo,MLP,0.25,288,3,0,346.34283533421205,313.59452037482276
aemo,MLP,0.5,576,3,0,336.55844212686674,290.1601537947734
aemo,MLP,0.75,864,3,0,342.11882851537416,290.25420112030986
aemo,MLP,1.0,1152,3,0,338.76150368900204,286.825007762134
aemo,MLP,0.1,115,4,0,590.3650439996402,520.4124580479906
aemo,MLP,0.25,288,4,0,342.1978678936749,270.48400969301
aemo,MLP,0.5,576,4,0,336.2317863733698,271.5763060827604
aemo,MLP,0.75,864,4,0,334.465769701168,289.70906764514297
aemo,MLP,1.0,1152,4,0,322.66372220948625,284.2748220327218
